consumer_id,name,unit
01141238472910,Muhammad Ahmed,312
14231154928103,Ayesha Khan,145
08121639401827,Muhammad Ali,421
11221948372615,Sana Fatima,85
03111529384756,Zainab Bibi,230
12241739582014,Hamza Shehzad,512
05191328471930,Fatima Noor,198
09211438592018,Bilal Ashraf,340
15231649201837,Amna Begum,65
02111837492015,Osama Siddiqui,289
07141938472019,Maryem Nawaz,455
13221539482710,Abid Hussain,178
04121729384615,Sadia Imran,92
10251439281034,Zeeshan Ali,380
06181239485711,Tayyaba Rehman,215
11231649281039,Kamran Mughal,540
01151938472013,Noreen Akhtar,135
14221739482016,Asif Mahmood,410
08131529384712,Hina Javid,162
12211439582017,Umair Tariq,295
03241839472011,Khadija Malik,480
09191328471029,Faisal Shah,78
15221639482014,Amina Batool,245
02141739582013,Waqar Younis,365
07231239481025,Saba Qamar,120
13111938472018,Raza Hassan,505
05121529384614,Anam Iqbal,188
10221439581027,Haris Rauf,325
06241739482019,Nida Dar,440
11141328471023,Zafar Iqbal,99
01231839482015,Mehak Gul,270
14111529384711,Babar Azam,565
08221739482014,Iqra Aziz,155
12141938471028,Saad Baig,390
03191238472016,Zoya Nasir,210
09231639482012,Farhan Saeed,432
15111429384710,Bushra Ansari,82
02221739582019,Junaid Khan,299
07121539482014,Sania Mirza,140
13241938471023,Arsalan Ash,495
05141328472011,Alia Bhatt,180
10191839482015,Shaheen Afridi,525
06221239481026,Mahira Khan,225
11111529384714,Asad Shafiq,310
01241739582018,Yumna Zaidi,115
14141938471022,Fawad Khan,460
08191328472017,Sajal Ali,192
12231639482011,Imran Abbas,375
03121429384715,Urwa Hocane,73
09221739582014,Atif Aslam,350
15241938471029,Minal Khan,260
02191238472013,Bilal Abbas,415
07221539482016,Aiman Khan,130
13141739581025,Danish Taimoor,485
05231328472018,Ayeza Khan,205
10121839482011,Humayun Saeed,535
06191529384714,Saba Faisal,168
11241439582017,Wahaj Ali,335
01111739481023,Hania Amir,445
14231328472019,Ahsan Khan,88
08141839482015,Kinza Hashmi,285
12191529384711,Feroze Khan,510
03221239482014,Sana Javed,148
09141739581026,Muneeb Butt,395
15191429384713,Ramsha Khan,220
02231839482012,Sheheryar Munawar,425
07111529384715,Zara Noor,62
13221739582014,Asim Azhar,305
05141938471029,Momina Mustehsan,125
10231328472018,Ali Zafar,470
06121839482011,Aima Baig,195
11191529384716,Rahat Fateh,360
01221439582013,Abida Parveen,80
14141739481025,Naseebo Lal,345
08231938472012,Atif Khan,250
12111328472019,Sanam Saeed,405
03221839482011,Fawad Alam,138
09141529384714,Azhar Ali,490
15191739581027,Misbah ul Haq,202
02241439482015,Younis Khan,550
07191328471023,Inzamam ul Haq,172
13231839482018,Wasim Akram,330
05111529384712,Shoaib Akhtar,435
10221739582014,Shahid Afridi,95
06141938471029,Javed Miandad,275
11231328472016,Zaheer Abbas,520
01121839482013,Hanif Mohammad,158
14191529384711,Saeed Ajmal,385
08221439581027,Abdul Qadir,212
12141739482018,Saqlain Mushtaq,428
03231938471025,Mushtaq Ahmed,69
09111328472014,Waqar Ahmed,302
15221839482011,Sarfraz Ahmed,118
02141529384716,Mohammad Amir,465
07241739581023,Shadab Khan,185
13191429384720,Fakhar Zaman,370
05221328471029,Imam ul Haq,76
10141839482014,Asif Ali,355
06231529384711,Khushdil Shah,255
11121739582018,Mohammad Nawaz,412